file_name,date,from
1333.jpg,2023-04-22 09:29:37+00:00,–ê–Ω–¥—Ä–µ–π
1332.jpg,2023-04-22 09:29:37+00:00,–ê–Ω–¥—Ä–µ–π
1331.jpg,2023-04-22 09:29:37+00:00,–ê–Ω–¥—Ä–µ–π
1330.jpg,2023-04-22 09:29:36+00:00,–ê–Ω–¥—Ä–µ–π
1329.jpg,2023-04-22 09:29:36+00:00,–ê–Ω–¥—Ä–µ–π
1328.jpg,2023-04-22 09:29:36+00:00,–ê–Ω–¥—Ä–µ–π
1327.jpg,2023-04-22 09:29:35+00:00,–ê–Ω–¥—Ä–µ–π
1326.jpg,2023-04-19 08:39:56+00:00,–ê–Ω–¥—Ä–µ–π
1325.jpg,2023-04-19 08:39:48+00:00,–ê–Ω–¥—Ä–µ–π
1324.jpg,2023-04-19 08:39:36+00:00,–ê–Ω–¥—Ä–µ–π
1323.jpg,2023-04-19 08:39:22+00:00,–ê–Ω–¥—Ä–µ–π
1322.jpg,2023-04-19 08:39:07+00:00,–ê–Ω–¥—Ä–µ–π
1321.jpg,2023-04-14 10:15:59+00:00,–ê–Ω–¥—Ä–µ–π
1320.jpg,2023-04-14 10:15:50+00:00,–ê–Ω–¥—Ä–µ–π
1319.jpg,2023-04-14 10:15:35+00:00,–ê–Ω–¥—Ä–µ–π
1318.jpg,2023-04-14 10:15:21+00:00,–ê–Ω–¥—Ä–µ–π
1317.jpg,2023-04-14 10:15:07+00:00,–ê–Ω–¥—Ä–µ–π
1316.jpg,2023-04-14 10:14:47+00:00,–ê–Ω–¥—Ä–µ–π
1315.jpg,2023-04-14 10:14:33+00:00,–ê–Ω–¥—Ä–µ–π
1314.jpg,2023-04-14 10:14:18+00:00,–ê–Ω–¥—Ä–µ–π
1313.jpg,2023-04-12 09:43:11+00:00,–ê–Ω–¥—Ä–µ–π
1312.jpg,2023-04-12 09:43:02+00:00,–ê–Ω–¥—Ä–µ–π
1311.jpg,2023-04-12 09:42:47+00:00,–ê–Ω–¥—Ä–µ–π
1310.jpg,2023-04-12 09:42:27+00:00,–ê–Ω–¥—Ä–µ–π
1309.jpg,2023-04-12 09:42:15+00:00,–ê–Ω–¥—Ä–µ–π
1308.jpg,2023-04-12 09:42:05+00:00,–ê–Ω–¥—Ä–µ–π
1307.jpg,2023-04-12 09:41:50+00:00,–ê–Ω–¥—Ä–µ–π
1306.jpg,2023-04-12 09:41:33+00:00,–ê–Ω–¥—Ä–µ–π
1305.jpg,2023-04-12 09:41:17+00:00,–ê–Ω–¥—Ä–µ–π
1300.jpg,2023-04-09 05:29:37+00:00,–ê–Ω–¥—Ä–µ–π
1289.jpg,2023-04-05 09:32:31+00:00,–ê–Ω–¥—Ä–µ–π
1288.jpg,2023-04-05 09:32:22+00:00,–ê–Ω–¥—Ä–µ–π
1287.jpg,2023-04-05 09:32:06+00:00,–ê–Ω–¥—Ä–µ–π
1286.jpg,2023-04-05 09:31:44+00:00,–ê–Ω–¥—Ä–µ–π
1285.jpg,2023-04-05 09:31:26+00:00,–ê–Ω–¥—Ä–µ–π
1284.jpg,2023-04-05 09:31:10+00:00,–ê–Ω–¥—Ä–µ–π
1283.jpg,2023-04-05 09:30:54+00:00,–ê–Ω–¥—Ä–µ–π
1275.jpg,2023-03-27 13:24:09+00:00,Illia
1274.jpg,2023-03-24 11:40:22+00:00,–ê–Ω–¥—Ä–µ–π
1273.jpg,2023-03-24 11:40:12+00:00,–ê–Ω–¥—Ä–µ–π
1272.jpg,2023-03-24 11:39:59+00:00,–ê–Ω–¥—Ä–µ–π
1271.jpg,2023-03-24 11:39:45+00:00,–ê–Ω–¥—Ä–µ–π
1270.jpg,2023-03-24 11:39:30+00:00,–ê–Ω–¥—Ä–µ–π
1269.jpg,2023-03-24 11:39:14+00:00,–ê–Ω–¥—Ä–µ–π
1267.jpg,2023-03-22 11:01:18+00:00,–ê–Ω–¥—Ä–µ–π
1266.jpg,2023-03-22 11:01:04+00:00,–ê–Ω–¥—Ä–µ–π
1265.jpg,2023-03-22 11:00:49+00:00,–ê–Ω–¥—Ä–µ–π
1264.jpg,2023-03-22 11:00:16+00:00,–ê–Ω–¥—Ä–µ–π
1263.jpg,2023-03-22 11:00:04+00:00,–ê–Ω–¥—Ä–µ–π
1258.jpg,2023-03-17 11:45:47+00:00,–ê–Ω–¥—Ä–µ–π
1257.jpg,2023-03-17 11:45:37+00:00,–ê–Ω–¥—Ä–µ–π
1256.jpg,2023-03-17 11:45:23+00:00,–ê–Ω–¥—Ä–µ–π
1255.jpg,2023-03-17 11:45:06+00:00,–ê–Ω–¥—Ä–µ–π
1254.jpg,2023-03-17 11:44:51+00:00,–ê–Ω–¥—Ä–µ–π
1253.jpg,2023-03-17 11:44:40+00:00,–ê–Ω–¥—Ä–µ–π
1252.jpg,2023-03-17 11:44:28+00:00,–ê–Ω–¥—Ä–µ–π
1251.jpg,2023-03-17 11:44:16+00:00,–ê–Ω–¥—Ä–µ–π
1250.jpg,2023-03-16 20:50:22+00:00,–ê–Ω–¥—Ä–µ–π
1249.jpg,2023-03-16 20:49:32+00:00,–ê–Ω–¥—Ä–µ–π
1246.jpg,2023-03-16 20:24:33+00:00,–ê–Ω–¥—Ä–µ–π
1244.jpg,2023-03-15 11:59:07+00:00,–ê–Ω–¥—Ä–µ–π
1243.jpg,2023-03-15 11:58:57+00:00,–ê–Ω–¥—Ä–µ–π
1242.jpg,2023-03-15 11:58:47+00:00,–ê–Ω–¥—Ä–µ–π
1241.jpg,2023-03-15 11:58:31+00:00,–ê–Ω–¥—Ä–µ–π
1240.jpg,2023-03-15 11:58:17+00:00,–ê–Ω–¥—Ä–µ–π
1239.jpg,2023-03-15 11:57:57+00:00,–ê–Ω–¥—Ä–µ–π
1229.jpg,2023-03-11 13:37:29+00:00,–ê–Ω–¥—Ä–µ–π
1227.jpg,2023-03-11 13:34:16+00:00,–ê–Ω–¥—Ä–µ–π
1226.jpg,2023-03-10 11:05:23+00:00,–ê–Ω–¥—Ä–µ–π
1225.jpg,2023-03-10 11:05:12+00:00,–ê–Ω–¥—Ä–µ–π
1224.jpg,2023-03-10 11:05:00+00:00,–ê–Ω–¥—Ä–µ–π
1223.jpg,2023-03-10 11:04:45+00:00,–ê–Ω–¥—Ä–µ–π
1222.jpg,2023-03-10 11:04:33+00:00,–ê–Ω–¥—Ä–µ–π
1221.jpg,2023-03-10 11:04:18+00:00,–ê–Ω–¥—Ä–µ–π
1220.jpg,2023-03-10 11:04:03+00:00,–ê–Ω–¥—Ä–µ–π
1219.jpg,2023-03-10 11:03:48+00:00,–ê–Ω–¥—Ä–µ–π
1217.jpg,2023-03-09 20:04:46+00:00,Illia
1215.jpg,2023-03-09 12:13:14+00:00,Illia
1210.jpg,2023-03-08 18:01:02+00:00,Illia
1209.jpg,2023-03-08 14:17:22+00:00,–ê–Ω–¥—Ä–µ–π
1208.jpg,2023-03-08 14:16:53+00:00,–ê–Ω–¥—Ä–µ–π
1207.jpg,2023-03-08 14:16:37+00:00,–ê–Ω–¥—Ä–µ–π
1206.jpg,2023-03-08 14:16:19+00:00,–ê–Ω–¥—Ä–µ–π
1205.jpg,2023-03-08 14:15:53+00:00,–ê–Ω–¥—Ä–µ–π
1204.jpg,2023-03-08 14:15:29+00:00,–ê–Ω–¥—Ä–µ–π
1203.jpg,2023-03-08 14:15:17+00:00,–ê–Ω–¥—Ä–µ–π
1202.jpg,2023-03-08 13:00:59+00:00,–ê–Ω–¥—Ä–µ–π
1201.jpg,2023-03-08 13:00:28+00:00,–ê–Ω–¥—Ä–µ–π
1199.jpg,2023-03-01 10:45:05+00:00,–ê–Ω–¥—Ä–µ–π
1198.jpg,2023-03-01 10:44:37+00:00,–ê–Ω–¥—Ä–µ–π
1197.jpg,2023-03-01 10:44:21+00:00,–ê–Ω–¥—Ä–µ–π
1196.jpg,2023-03-01 10:44:03+00:00,–ê–Ω–¥—Ä–µ–π
1195.jpg,2023-03-01 10:43:49+00:00,–ê–Ω–¥—Ä–µ–π
1194.jpg,2023-03-01 10:43:31+00:00,–ê–Ω–¥—Ä–µ–π
1193.jpg,2023-03-01 10:43:18+00:00,–ê–Ω–¥—Ä–µ–π
1184.jpg,2023-02-24 14:35:05+00:00,–ê–Ω–¥—Ä–µ–π
1183.jpg,2023-02-24 09:01:35+00:00,Illia
1182.jpg,2023-02-24 09:01:35+00:00,Illia
1181.jpg,2023-02-24 09:01:35+00:00,Illia
1180.jpg,2023-02-24 08:46:47+00:00,–ê–Ω–¥—Ä–µ–π
1179.jpg,2023-02-24 08:46:32+00:00,–ê–Ω–¥—Ä–µ–π
1178.jpg,2023-02-24 08:46:18+00:00,–ê–Ω–¥—Ä–µ–π
1177.jpg,2023-02-24 08:46:05+00:00,–ê–Ω–¥—Ä–µ–π
1176.jpg,2023-02-24 08:45:54+00:00,–ê–Ω–¥—Ä–µ–π
1175.jpg,2023-02-24 08:45:39+00:00,–ê–Ω–¥—Ä–µ–π
1174.jpg,2023-02-24 08:45:22+00:00,–ê–Ω–¥—Ä–µ–π
1173.jpg,2023-02-24 08:45:06+00:00,–ê–Ω–¥—Ä–µ–π
1172.jpg,2023-02-24 08:44:53+00:00,–ê–Ω–¥—Ä–µ–π
1171.jpg,2023-02-24 08:44:40+00:00,–ê–Ω–¥—Ä–µ–π
1164.jpg,2023-02-22 11:59:42+00:00,–ê–Ω–¥—Ä–µ–π
1149.jpg,2023-02-18 10:20:50+00:00,–ê–Ω–¥—Ä–µ–π
1147.jpg,2023-02-15 10:54:47+00:00,–ê–Ω–¥—Ä–µ–π
1146.jpg,2023-02-15 10:54:16+00:00,–ê–Ω–¥—Ä–µ–π
1145.jpg,2023-02-15 10:54:01+00:00,–ê–Ω–¥—Ä–µ–π
1144.jpg,2023-02-15 10:53:45+00:00,–ê–Ω–¥—Ä–µ–π
1143.jpg,2023-02-15 10:53:33+00:00,–ê–Ω–¥—Ä–µ–π
1138.jpg,2023-02-10 15:32:09+00:00,–ê–Ω–¥—Ä–µ–π
1137.jpg,2023-02-10 08:41:37+00:00,–ê–Ω–¥—Ä–µ–π
1136.jpg,2023-02-10 08:30:51+00:00,–ê–Ω–¥—Ä–µ–π
1135.jpg,2023-02-10 08:24:26+00:00,–ê–Ω–¥—Ä–µ–π
1134.jpg,2023-02-10 08:20:37+00:00,–ê–Ω–¥—Ä–µ–π
1133.jpg,2023-02-10 08:16:50+00:00,–ê–Ω–¥—Ä–µ–π
1132.jpg,2023-02-10 08:09:15+00:00,–ê–Ω–¥—Ä–µ–π
1131.jpg,2023-02-10 07:46:10+00:00,–ê–Ω–¥—Ä–µ–π
1130.jpg,2023-02-10 07:46:00+00:00,–ê–Ω–¥—Ä–µ–π
1129.jpg,2023-02-10 07:45:35+00:00,–ê–Ω–¥—Ä–µ–π
1128.jpg,2023-02-10 07:44:59+00:00,–ê–Ω–¥—Ä–µ–π
1127.jpg,2023-02-08 11:10:04+00:00,–ê–Ω–¥—Ä–µ–π
1126.jpg,2023-02-08 11:06:52+00:00,–ê–Ω–¥—Ä–µ–π
1125.jpg,2023-02-08 11:06:33+00:00,–ê–Ω–¥—Ä–µ–π
1124.jpg,2023-02-08 11:06:17+00:00,–ê–Ω–¥—Ä–µ–π
1123.jpg,2023-02-08 11:06:06+00:00,–ê–Ω–¥—Ä–µ–π
1121.jpg,2023-02-04 18:53:40+00:00,Vlad
1120.jpg,2023-02-03 09:39:34+00:00,–ê–Ω–¥—Ä–µ–π
1119.jpg,2023-02-03 09:39:08+00:00,–ê–Ω–¥—Ä–µ–π
1118.jpg,2023-02-03 09:38:54+00:00,–ê–Ω–¥—Ä–µ–π
1117.jpg,2023-02-03 09:38:30+00:00,–ê–Ω–¥—Ä–µ–π
1116.jpg,2023-02-03 09:38:06+00:00,–ê–Ω–¥—Ä–µ–π
1115.jpg,2023-02-03 09:37:51+00:00,–ê–Ω–¥—Ä–µ–π
1114.jpg,2023-02-01 17:13:02+00:00,–ê–Ω–¥—Ä–µ–π
1113.jpg,2023-02-01 17:12:48+00:00,–ê–Ω–¥—Ä–µ–π
1112.jpg,2023-02-01 17:12:31+00:00,–ê–Ω–¥—Ä–µ–π
1111.jpg,2023-02-01 17:12:15+00:00,–ê–Ω–¥—Ä–µ–π
1110.jpg,2023-02-01 17:11:59+00:00,–ê–Ω–¥—Ä–µ–π
1109.jpg,2023-02-01 17:11:45+00:00,–ê–Ω–¥—Ä–µ–π
1108.jpg,2023-02-01 17:11:29+00:00,–ê–Ω–¥—Ä–µ–π
1107.jpg,2023-02-01 17:11:14+00:00,–ê–Ω–¥—Ä–µ–π
1106.jpg,2023-02-01 17:10:56+00:00,–ê–Ω–¥—Ä–µ–π
1105.jpg,2023-02-01 17:10:39+00:00,–ê–Ω–¥—Ä–µ–π
1104.jpg,2023-02-01 17:10:23+00:00,–ê–Ω–¥—Ä–µ–π
1103.jpg,2023-02-01 17:10:06+00:00,–ê–Ω–¥—Ä–µ–π
1102.jpg,2023-02-01 17:09:05+00:00,–ê–Ω–¥—Ä–µ–π
1096.jpg,2023-01-27 11:12:06+00:00,–ê–Ω–¥—Ä–µ–π
1094.jpg,2023-01-27 08:48:23+00:00,–ê–Ω–¥—Ä–µ–π
1093.jpg,2023-01-27 08:47:34+00:00,–ê–Ω–¥—Ä–µ–π
1092.jpg,2023-01-27 08:47:22+00:00,–ê–Ω–¥—Ä–µ–π
1091.jpg,2023-01-27 08:47:07+00:00,–ê–Ω–¥—Ä–µ–π
1090.jpg,2023-01-27 08:46:50+00:00,–ê–Ω–¥—Ä–µ–π
1089.jpg,2023-01-27 08:46:34+00:00,–ê–Ω–¥—Ä–µ–π
1088.jpg,2023-01-27 08:45:58+00:00,–ê–Ω–¥—Ä–µ–π
1087.jpg,2023-01-27 08:45:45+00:00,–ê–Ω–¥—Ä–µ–π
1086.jpg,2023-01-27 08:45:31+00:00,–ê–Ω–¥—Ä–µ–π
1085.jpg,2023-01-27 08:45:12+00:00,–ê–Ω–¥—Ä–µ–π
1083.jpg,2023-01-27 07:47:19+00:00,Vlad
1082.jpg,2023-01-25 10:47:15+00:00,–ê–Ω–¥—Ä–µ–π
1081.jpg,2023-01-25 10:47:07+00:00,–ê–Ω–¥—Ä–µ–π
1080.jpg,2023-01-25 10:46:45+00:00,–ê–Ω–¥—Ä–µ–π
1079.jpg,2023-01-25 10:46:30+00:00,–ê–Ω–¥—Ä–µ–π
1078.jpg,2023-01-25 10:46:17+00:00,–ê–Ω–¥—Ä–µ–π
1077.jpg,2023-01-25 10:45:58+00:00,–ê–Ω–¥—Ä–µ–π
1073.jpg,2023-01-22 14:12:15+00:00,–ê–Ω–¥—Ä–µ–π
1072.jpg,2023-01-20 08:43:17+00:00,–ê–Ω–¥—Ä–µ–π
1071.jpg,2023-01-20 08:43:04+00:00,–ê–Ω–¥—Ä–µ–π
1070.jpg,2023-01-20 08:42:49+00:00,–ê–Ω–¥—Ä–µ–π
1069.jpg,2023-01-20 08:42:31+00:00,–ê–Ω–¥—Ä–µ–π
1068.jpg,2023-01-20 08:42:02+00:00,–ê–Ω–¥—Ä–µ–π
1067.jpg,2023-01-18 21:32:25+00:00,–ê–Ω–¥—Ä–µ–π
1066.jpg,2023-01-18 21:32:12+00:00,–ê–Ω–¥—Ä–µ–π
1065.jpg,2023-01-18 21:31:55+00:00,–ê–Ω–¥—Ä–µ–π
1064.jpg,2023-01-18 21:31:31+00:00,–ê–Ω–¥—Ä–µ–π
1063.jpg,2023-01-18 21:31:12+00:00,–ê–Ω–¥—Ä–µ–π
1062.jpg,2023-01-18 21:30:52+00:00,–ê–Ω–¥—Ä–µ–π
1056.jpg,2022-12-24 16:26:22+00:00,–ê–Ω–¥—Ä–µ–π
1052.jpg,2022-12-22 15:47:48+00:00,–ê–Ω–¥—Ä–µ–π
1048.jpg,2022-12-14 19:57:25+00:00,–ê–Ω–¥—Ä–µ–π
1047.jpg,2022-12-14 19:57:12+00:00,–ê–Ω–¥—Ä–µ–π
1046.jpg,2022-12-14 19:56:54+00:00,–ê–Ω–¥—Ä–µ–π
1045.jpg,2022-12-14 19:56:40+00:00,–ê–Ω–¥—Ä–µ–π
1044.jpg,2022-12-14 19:56:19+00:00,–ê–Ω–¥—Ä–µ–π
1043.jpg,2022-12-14 19:56:03+00:00,–ê–Ω–¥—Ä–µ–π
1040.jpg,2022-12-09 15:58:45+00:00,–ê–Ω–¥—Ä–µ–π
1038.jpg,2022-12-09 10:57:45+00:00,–ê–Ω–¥—Ä–µ–π
1037.jpg,2022-12-09 10:57:34+00:00,–ê–Ω–¥—Ä–µ–π
1036.jpg,2022-12-09 10:57:22+00:00,–ê–Ω–¥—Ä–µ–π
1035.jpg,2022-12-09 10:57:09+00:00,–ê–Ω–¥—Ä–µ–π
1031.jpg,2022-12-07 10:45:40+00:00,–ê–Ω–¥—Ä–µ–π
1030.jpg,2022-12-07 10:45:23+00:00,–ê–Ω–¥—Ä–µ–π
1029.jpg,2022-12-07 09:41:06+00:00,–ê–Ω–¥—Ä–µ–π
1028.jpg,2022-12-07 09:40:51+00:00,–ê–Ω–¥—Ä–µ–π
1027.jpg,2022-12-07 09:40:38+00:00,–ê–Ω–¥—Ä–µ–π
1026.jpg,2022-12-02 08:37:28+00:00,–ê–Ω–¥—Ä–µ–π
1025.jpg,2022-12-02 08:37:11+00:00,–ê–Ω–¥—Ä–µ–π
1024.jpg,2022-12-02 08:36:55+00:00,–ê–Ω–¥—Ä–µ–π
1023.jpg,2022-12-02 08:36:42+00:00,–ê–Ω–¥—Ä–µ–π
1022.jpg,2022-12-02 08:36:26+00:00,–ê–Ω–¥—Ä–µ–π
1019.jpg,2022-11-25 14:46:49+00:00,Illia
1017.jpg,2022-11-25 13:04:35+00:00,–ê–Ω–¥—Ä–µ–π
1016.jpg,2022-11-25 13:04:25+00:00,–ê–Ω–¥—Ä–µ–π
1015.jpg,2022-11-25 13:04:10+00:00,–ê–Ω–¥—Ä–µ–π
1014.jpg,2022-11-25 13:03:58+00:00,–ê–Ω–¥—Ä–µ–π
1013.jpg,2022-11-25 13:03:28+00:00,–ê–Ω–¥—Ä–µ–π
1012.jpg,2022-11-25 13:03:13+00:00,–ê–Ω–¥—Ä–µ–π
1011.jpg,2022-11-25 13:02:55+00:00,–ê–Ω–¥—Ä–µ–π
1010.jpg,2022-11-25 13:02:42+00:00,–ê–Ω–¥—Ä–µ–π
1009.jpg,2022-11-25 13:02:30+00:00,–ê–Ω–¥—Ä–µ–π
1008.jpg,2022-11-23 11:49:45+00:00,–ê–Ω–¥—Ä–µ–π
1007.jpg,2022-11-23 11:49:30+00:00,–ê–Ω–¥—Ä–µ–π
1006.jpg,2022-11-23 11:49:07+00:00,–ê–Ω–¥—Ä–µ–π
1005.jpg,2022-11-23 11:46:58+00:00,–ê–Ω–¥—Ä–µ–π
1004.jpg,2022-11-23 11:46:40+00:00,–ê–Ω–¥—Ä–µ–π
1003.jpg,2022-11-23 11:46:22+00:00,–ê–Ω–¥—Ä–µ–π
1002.jpg,2022-11-23 11:46:05+00:00,–ê–Ω–¥—Ä–µ–π
1001.jpg,2022-11-23 11:45:42+00:00,–ê–Ω–¥—Ä–µ–π
1000.jpg,2022-11-23 11:45:23+00:00,–ê–Ω–¥—Ä–µ–π
994.jpg,2022-11-18 12:42:47+00:00,–ê–Ω–¥—Ä–µ–π
993.jpg,2022-11-18 12:42:37+00:00,–ê–Ω–¥—Ä–µ–π
992.jpg,2022-11-18 12:42:16+00:00,–ê–Ω–¥—Ä–µ–π
991.jpg,2022-11-18 12:14:22+00:00,–ê–Ω–¥—Ä–µ–π
990.jpg,2022-11-18 12:13:36+00:00,–ê–Ω–¥—Ä–µ–π
989.jpg,2022-11-18 12:13:22+00:00,–ê–Ω–¥—Ä–µ–π
988.jpg,2022-11-16 11:17:23+00:00,–ê–Ω–¥—Ä–µ–π
987.jpg,2022-11-16 11:17:08+00:00,–ê–Ω–¥—Ä–µ–π
986.jpg,2022-11-16 11:16:53+00:00,–ê–Ω–¥—Ä–µ–π
985.jpg,2022-11-16 11:16:31+00:00,–ê–Ω–¥—Ä–µ–π
984.jpg,2022-11-16 11:16:16+00:00,–ê–Ω–¥—Ä–µ–π
981.jpg,2022-11-15 04:36:38+00:00,–ê–Ω–¥—Ä–µ–π
979.jpg,2022-11-11 13:51:14+00:00,–ê–Ω–¥—Ä–µ–π
978.jpg,2022-11-11 12:51:48+00:00,–ê–Ω–¥—Ä–µ–π
977.jpg,2022-11-11 12:51:34+00:00,–ê–Ω–¥—Ä–µ–π
976.jpg,2022-11-11 12:51:03+00:00,–ê–Ω–¥—Ä–µ–π
975.jpg,2022-11-11 12:50:49+00:00,–ê–Ω–¥—Ä–µ–π
974.jpg,2022-11-11 12:50:29+00:00,–ê–Ω–¥—Ä–µ–π
970.jpg,2022-11-09 19:40:12+00:00,–ê–Ω–¥—Ä–µ–π
969.jpg,2022-11-09 19:39:51+00:00,–ê–Ω–¥—Ä–µ–π
968.jpg,2022-11-09 19:39:04+00:00,–ê–Ω–¥—Ä–µ–π
967.jpg,2022-11-09 19:38:20+00:00,–ê–Ω–¥—Ä–µ–π
966.jpg,2022-11-09 19:37:30+00:00,–ê–Ω–¥—Ä–µ–π
965.jpg,2022-11-09 19:36:47+00:00,–ê–Ω–¥—Ä–µ–π
964.jpg,2022-11-09 19:33:30+00:00,–ê–Ω–¥—Ä–µ–π
963.jpg,2022-11-09 19:33:07+00:00,–ê–Ω–¥—Ä–µ–π
950.jpg,2022-11-02 10:42:51+00:00,–ê–Ω–¥—Ä–µ–π
949.jpg,2022-11-02 10:42:44+00:00,–ê–Ω–¥—Ä–µ–π
948.jpg,2022-11-02 10:42:29+00:00,–ê–Ω–¥—Ä–µ–π
947.jpg,2022-11-02 10:42:08+00:00,–ê–Ω–¥—Ä–µ–π
946.jpg,2022-11-02 10:41:50+00:00,–ê–Ω–¥—Ä–µ–π
945.jpg,2022-11-02 10:41:35+00:00,–ê–Ω–¥—Ä–µ–π
944.jpg,2022-11-02 10:41:19+00:00,–ê–Ω–¥—Ä–µ–π
942.jpg,2022-10-21 11:43:53+00:00,–ê–Ω–¥—Ä–µ–π
941.jpg,2022-10-21 10:48:59+00:00,–ê–Ω–¥—Ä–µ–π
940.jpg,2022-10-21 10:48:50+00:00,–ê–Ω–¥—Ä–µ–π
939.jpg,2022-10-21 10:48:32+00:00,–ê–Ω–¥—Ä–µ–π
938.jpg,2022-10-21 10:48:20+00:00,–ê–Ω–¥—Ä–µ–π
937.jpg,2022-10-21 10:48:03+00:00,–ê–Ω–¥—Ä–µ–π
936.jpg,2022-10-21 10:47:53+00:00,–ê–Ω–¥—Ä–µ–π
935.jpg,2022-10-21 10:47:53+00:00,–ê–Ω–¥—Ä–µ–π
934.jpg,2022-10-21 10:47:52+00:00,–ê–Ω–¥—Ä–µ–π
933.jpg,2022-10-21 10:47:52+00:00,–ê–Ω–¥—Ä–µ–π
932.jpg,2022-10-21 10:47:52+00:00,–ê–Ω–¥—Ä–µ–π
929.jpg,2022-10-19 14:01:35+00:00,Illia
928.jpg,2022-10-19 14:01:34+00:00,Illia
927.jpg,2022-10-19 14:01:34+00:00,Illia
926.jpg,2022-10-19 14:01:33+00:00,Illia
925.jpg,2022-10-19 10:36:12+00:00,–ê–Ω–¥—Ä–µ–π
924.jpg,2022-10-19 10:35:44+00:00,–ê–Ω–¥—Ä–µ–π
923.jpg,2022-10-19 10:35:11+00:00,–ê–Ω–¥—Ä–µ–π
922.jpg,2022-10-19 09:49:47+00:00,–ê–Ω–¥—Ä–µ–π
921.jpg,2022-10-19 09:49:29+00:00,–ê–Ω–¥—Ä–µ–π
920.jpg,2022-10-19 09:49:10+00:00,–ê–Ω–¥—Ä–µ–π
918.jpg,2022-10-16 20:32:16+00:00,–ê–Ω–¥—Ä–µ–π
914.jpg,2022-10-12 12:04:04+00:00,–ê–Ω–¥—Ä–µ–π
913.jpg,2022-10-12 12:03:35+00:00,–ê–Ω–¥—Ä–µ–π
912.jpg,2022-10-12 12:03:24+00:00,–ê–Ω–¥—Ä–µ–π
911.jpg,2022-10-12 12:03:14+00:00,–ê–Ω–¥—Ä–µ–π
910.jpg,2022-10-12 12:02:53+00:00,–ê–Ω–¥—Ä–µ–π
907.jpg,2022-10-07 11:48:34+00:00,–ê–Ω–¥—Ä–µ–π
906.jpg,2022-10-07 11:48:11+00:00,–ê–Ω–¥—Ä–µ–π
905.jpg,2022-10-07 11:47:43+00:00,–ê–Ω–¥—Ä–µ–π
904.jpg,2022-10-07 11:47:10+00:00,–ê–Ω–¥—Ä–µ–π
903.jpg,2022-10-07 11:47:01+00:00,–ê–Ω–¥—Ä–µ–π
897.jpg,2022-09-30 11:43:47+00:00,–ê–Ω–¥—Ä–µ–π
896.jpg,2022-09-30 11:43:34+00:00,–ê–Ω–¥—Ä–µ–π
895.jpg,2022-09-30 11:43:23+00:00,–ê–Ω–¥—Ä–µ–π
894.jpg,2022-09-30 11:43:05+00:00,–ê–Ω–¥—Ä–µ–π
891.jpg,2022-09-28 10:52:44+00:00,–ê–Ω–¥—Ä–µ–π
890.jpg,2022-09-28 10:52:31+00:00,–ê–Ω–¥—Ä–µ–π
889.jpg,2022-09-28 10:52:04+00:00,–ê–Ω–¥—Ä–µ–π
879.jpg,2022-09-23 14:05:57+00:00,–ê–Ω–¥—Ä–µ–π
878.jpg,2022-09-23 07:47:05+00:00,–ê–Ω–¥—Ä–µ–π
877.jpg,2022-09-23 07:46:44+00:00,–ê–Ω–¥—Ä–µ–π
876.jpg,2022-09-23 07:46:30+00:00,–ê–Ω–¥—Ä–µ–π
875.jpg,2022-09-23 07:46:15+00:00,–ê–Ω–¥—Ä–µ–π
874.jpg,2022-09-21 09:47:19+00:00,–ê–Ω–¥—Ä–µ–π
873.jpg,2022-09-21 09:47:09+00:00,–ê–Ω–¥—Ä–µ–π
872.jpg,2022-09-21 09:46:54+00:00,–ê–Ω–¥—Ä–µ–π
865.jpg,2022-09-16 07:47:55+00:00,–ê–Ω–¥—Ä–µ–π
864.jpg,2022-09-16 07:47:44+00:00,–ê–Ω–¥—Ä–µ–π
863.jpg,2022-09-16 07:46:54+00:00,–ê–Ω–¥—Ä–µ–π
862.jpg,2022-09-16 07:46:32+00:00,–ê–Ω–¥—Ä–µ–π
861.jpg,2022-09-16 06:55:38+00:00,–ê–Ω–¥—Ä–µ–π
860.jpg,2022-09-16 06:55:24+00:00,–ê–Ω–¥—Ä–µ–π
858.jpg,2022-09-16 06:53:48+00:00,–ê–Ω–¥—Ä–µ–π
857.jpg,2022-09-16 06:53:35+00:00,–ê–Ω–¥—Ä–µ–π
856.jpg,2022-09-16 06:53:17+00:00,–ê–Ω–¥—Ä–µ–π
855.jpg,2022-09-16 06:53:05+00:00,–ê–Ω–¥—Ä–µ–π
854.jpg,2022-09-16 06:52:44+00:00,–ê–Ω–¥—Ä–µ–π
853.jpg,2022-09-16 06:52:31+00:00,–ê–Ω–¥—Ä–µ–π
846.jpg,2022-09-12 07:47:24+00:00,–ê–Ω–¥—Ä–µ–π
837.jpg,2022-09-09 07:47:08+00:00,–ê–Ω–¥—Ä–µ–π
836.jpg,2022-09-09 07:46:58+00:00,–ê–Ω–¥—Ä–µ–π
835.jpg,2022-09-09 07:46:43+00:00,–ê–Ω–¥—Ä–µ–π
834.jpg,2022-09-09 07:46:32+00:00,–ê–Ω–¥—Ä–µ–π
833.jpg,2022-09-09 07:46:20+00:00,–ê–Ω–¥—Ä–µ–π
832.jpg,2022-09-09 07:45:59+00:00,–ê–Ω–¥—Ä–µ–π
831.jpg,2022-09-09 07:45:40+00:00,–ê–Ω–¥—Ä–µ–π
827.jpg,2022-09-07 11:54:52+00:00,–ê–Ω–¥—Ä–µ–π
826.jpg,2022-09-07 11:54:41+00:00,–ê–Ω–¥—Ä–µ–π
825.jpg,2022-09-07 11:54:26+00:00,–ê–Ω–¥—Ä–µ–π
824.jpg,2022-09-07 11:54:09+00:00,–ê–Ω–¥—Ä–µ–π
823.jpg,2022-09-07 11:53:52+00:00,–ê–Ω–¥—Ä–µ–π
821.jpg,2022-09-07 05:56:25+00:00,–ê–Ω–¥—Ä–µ–π
820.jpg,2022-09-07 05:55:48+00:00,–ê–Ω–¥—Ä–µ–π
819.jpg,2022-09-07 05:55:31+00:00,–ê–Ω–¥—Ä–µ–π
810.jpg,2022-08-28 15:18:06+00:00,–ê–Ω–¥—Ä–µ–π
794.jpg,2022-06-02 09:02:07+00:00,–ê–Ω–¥—Ä–µ–π
793.jpg,2022-06-02 09:01:18+00:00,–ê–Ω–¥—Ä–µ–π
792.jpg,2022-06-02 09:00:45+00:00,–ê–Ω–¥—Ä–µ–π
791.jpg,2022-06-02 08:59:52+00:00,–ê–Ω–¥—Ä–µ–π
790.jpg,2022-06-02 08:59:21+00:00,–ê–Ω–¥—Ä–µ–π
789.jpg,2022-06-02 08:58:44+00:00,–ê–Ω–¥—Ä–µ–π
786.jpg,2022-06-02 08:57:53+00:00,–ê–Ω–¥—Ä–µ–π
785.jpg,2022-06-02 08:57:22+00:00,–ê–Ω–¥—Ä–µ–π
775.jpg,2022-05-25 08:17:00+00:00,–ê–Ω–¥—Ä–µ–π
774.jpg,2022-05-25 08:16:51+00:00,–ê–Ω–¥—Ä–µ–π
773.jpg,2022-05-25 08:16:40+00:00,–ê–Ω–¥—Ä–µ–π
772.jpg,2022-05-25 08:16:18+00:00,–ê–Ω–¥—Ä–µ–π
771.jpg,2022-05-25 08:16:05+00:00,–ê–Ω–¥—Ä–µ–π
770.jpg,2022-05-25 08:15:49+00:00,–ê–Ω–¥—Ä–µ–π
769.jpg,2022-05-23 13:50:00+00:00,–ê–Ω–¥—Ä–µ–π
768.jpg,2022-05-23 13:49:48+00:00,–ê–Ω–¥—Ä–µ–π
767.jpg,2022-05-23 13:39:06+00:00,–ê–Ω–¥—Ä–µ–π
766.jpg,2022-05-23 13:38:30+00:00,–ê–Ω–¥—Ä–µ–π
757.jpg,2022-05-18 07:53:41+00:00,–ê–Ω–¥—Ä–µ–π
756.jpg,2022-05-18 07:53:24+00:00,–ê–Ω–¥—Ä–µ–π
755.jpg,2022-05-18 07:51:59+00:00,–ê–Ω–¥—Ä–µ–π
754.jpg,2022-05-18 07:17:39+00:00,–ê–Ω–¥—Ä–µ–π
753.jpg,2022-05-18 07:17:25+00:00,–ê–Ω–¥—Ä–µ–π
752.jpg,2022-05-18 07:17:08+00:00,–ê–Ω–¥—Ä–µ–π
745.jpg,2022-05-16 13:13:54+00:00,–ê–Ω–¥—Ä–µ–π
744.jpg,2022-05-16 13:13:34+00:00,–ê–Ω–¥—Ä–µ–π
743.jpg,2022-05-16 13:13:16+00:00,–ê–Ω–¥—Ä–µ–π
738.jpg,2022-05-11 10:00:20+00:00,–ê–Ω–¥—Ä–µ–π
737.jpg,2022-05-11 09:59:30+00:00,–ê–Ω–¥—Ä–µ–π
736.jpg,2022-05-11 09:59:00+00:00,–ê–Ω–¥—Ä–µ–π
733.jpg,2022-05-09 13:21:25+00:00,Illia
732.jpg,2022-05-09 13:17:45+00:00,–ê–Ω–¥—Ä–µ–π
731.jpg,2022-05-09 13:00:59+00:00,–ê–Ω–¥—Ä–µ–π
730.jpg,2022-05-09 13:00:34+00:00,–ê–Ω–¥—Ä–µ–π
729.jpg,2022-05-09 13:00:19+00:00,–ê–Ω–¥—Ä–µ–π
728.jpg,2022-05-09 13:00:03+00:00,–ê–Ω–¥—Ä–µ–π
727.jpg,2022-05-09 12:59:48+00:00,–ê–Ω–¥—Ä–µ–π
725.jpg,2022-05-07 17:38:03+00:00,–ê–Ω–¥—Ä–µ–π
724.jpg,2022-05-07 17:37:35+00:00,–ê–Ω–¥—Ä–µ–π
723.jpg,2022-05-07 17:37:16+00:00,–ê–Ω–¥—Ä–µ–π
722.jpg,2022-05-07 17:37:00+00:00,–ê–Ω–¥—Ä–µ–π
721.jpg,2022-05-07 17:36:41+00:00,–ê–Ω–¥—Ä–µ–π
720.jpg,2022-05-07 17:36:22+00:00,–ê–Ω–¥—Ä–µ–π
719.jpg,2022-05-07 17:35:55+00:00,–ê–Ω–¥—Ä–µ–π
718.jpg,2022-05-02 13:38:59+00:00,–ê–Ω–¥—Ä–µ–π
717.jpg,2022-05-02 13:38:11+00:00,–ê–Ω–¥—Ä–µ–π
716.jpg,2022-05-02 13:37:54+00:00,–ê–Ω–¥—Ä–µ–π
715.jpg,2022-05-02 13:37:38+00:00,–ê–Ω–¥—Ä–µ–π
710.jpg,2022-04-27 17:26:30+00:00,Illia
708.jpg,2022-04-27 08:11:35+00:00,–ê–Ω–¥—Ä–µ–π
707.jpg,2022-04-27 08:11:24+00:00,–ê–Ω–¥—Ä–µ–π
706.jpg,2022-04-27 08:11:09+00:00,–ê–Ω–¥—Ä–µ–π
705.jpg,2022-04-27 08:10:55+00:00,–ê–Ω–¥—Ä–µ–π
704.jpg,2022-04-27 08:10:43+00:00,–ê–Ω–¥—Ä–µ–π
696.jpg,2022-04-25 13:03:18+00:00,–ê–Ω–¥—Ä–µ–π
695.jpg,2022-04-25 13:03:03+00:00,–ê–Ω–¥—Ä–µ–π
694.jpg,2022-04-25 13:02:43+00:00,–ê–Ω–¥—Ä–µ–π
693.jpg,2022-04-25 13:02:25+00:00,–ê–Ω–¥—Ä–µ–π
692.jpg,2022-04-25 13:02:10+00:00,–ê–Ω–¥—Ä–µ–π
686.jpg,2022-04-24 08:30:07+00:00,–ê–Ω–¥—Ä–µ–π
683.jpg,2022-04-20 08:20:45+00:00,–ê–Ω–¥—Ä–µ–π
682.jpg,2022-04-20 08:20:32+00:00,–ê–Ω–¥—Ä–µ–π
681.jpg,2022-04-20 08:20:18+00:00,–ê–Ω–¥—Ä–µ–π
671.jpg,2022-04-20 07:33:31+00:00,Maxim
669.jpg,2022-04-18 12:57:59+00:00,–ê–Ω–¥—Ä–µ–π
668.jpg,2022-04-18 12:57:47+00:00,–ê–Ω–¥—Ä–µ–π
667.jpg,2022-04-18 12:57:30+00:00,–ê–Ω–¥—Ä–µ–π
666.jpg,2022-04-18 12:57:17+00:00,–ê–Ω–¥—Ä–µ–π
658.jpg,2022-04-16 08:25:54+00:00,–ê–Ω–¥—Ä–µ–π
656.jpg,2022-04-13 08:18:34+00:00,–ê–Ω–¥—Ä–µ–π
655.jpg,2022-04-13 08:18:21+00:00,–ê–Ω–¥—Ä–µ–π
654.jpg,2022-04-13 08:18:05+00:00,–ê–Ω–¥—Ä–µ–π
653.jpg,2022-04-13 08:17:41+00:00,–ê–Ω–¥—Ä–µ–π
652.jpg,2022-04-13 08:17:28+00:00,–ê–Ω–¥—Ä–µ–π
651.jpg,2022-04-06 08:11:36+00:00,–ê–Ω–¥—Ä–µ–π
650.jpg,2022-04-06 08:11:03+00:00,–ê–Ω–¥—Ä–µ–π
648.jpg,2022-04-04 13:39:58+00:00,–ê–Ω–¥—Ä–µ–π
647.jpg,2022-04-04 13:39:45+00:00,–ê–Ω–¥—Ä–µ–π
646.jpg,2022-04-04 13:39:32+00:00,–ê–Ω–¥—Ä–µ–π
645.jpg,2022-04-04 13:39:15+00:00,–ê–Ω–¥—Ä–µ–π
644.jpg,2022-04-04 13:39:00+00:00,–ê–Ω–¥—Ä–µ–π
643.jpg,2022-04-04 13:38:45+00:00,–ê–Ω–¥—Ä–µ–π
642.jpg,2022-04-04 13:38:33+00:00,–ê–Ω–¥—Ä–µ–π
639.jpg,2022-04-04 12:12:03+00:00,–ê–Ω–¥—Ä–µ–π
638.jpg,2022-04-04 12:11:07+00:00,–ê–Ω–¥—Ä–µ–π
636.jpg,2022-03-30 08:15:00+00:00,–ê–Ω–¥—Ä–µ–π
635.jpg,2022-03-30 08:14:47+00:00,–ê–Ω–¥—Ä–µ–π
634.jpg,2022-03-30 08:14:28+00:00,–ê–Ω–¥—Ä–µ–π
633.jpg,2022-03-30 08:14:10+00:00,–ê–Ω–¥—Ä–µ–π
632.jpg,2022-03-30 08:13:52+00:00,–ê–Ω–¥—Ä–µ–π
631.jpg,2022-03-30 08:13:35+00:00,–ê–Ω–¥—Ä–µ–π
630.jpg,2022-03-30 08:13:20+00:00,–ê–Ω–¥—Ä–µ–π
628.jpg,2022-03-29 13:28:52+00:00,–ê–Ω–¥—Ä–µ–π
624.jpg,2022-03-28 13:47:41+00:00,–ê–Ω–¥—Ä–µ–π
623.jpg,2022-03-28 13:47:07+00:00,–ê–Ω–¥—Ä–µ–π
622.jpg,2022-03-28 13:46:36+00:00,–ê–Ω–¥—Ä–µ–π
619.jpg,2022-03-23 13:44:01+00:00,–ê–Ω–¥—Ä–µ–π
618.jpg,2022-03-23 13:43:46+00:00,–ê–Ω–¥—Ä–µ–π
617.jpg,2022-03-23 13:43:30+00:00,–ê–Ω–¥—Ä–µ–π
616.jpg,2022-03-23 13:43:16+00:00,–ê–Ω–¥—Ä–µ–π
615.jpg,2022-03-23 13:42:58+00:00,–ê–Ω–¥—Ä–µ–π
614.jpg,2022-03-23 13:42:45+00:00,–ê–Ω–¥—Ä–µ–π
613.jpg,2022-03-16 09:59:37+00:00,–ê–Ω–¥—Ä–µ–π
612.jpg,2022-03-16 09:59:14+00:00,–ê–Ω–¥—Ä–µ–π
611.jpg,2022-03-16 08:48:40+00:00,–ê–Ω–¥—Ä–µ–π
610.jpg,2022-03-16 08:48:23+00:00,–ê–Ω–¥—Ä–µ–π
606.jpg,2022-02-21 19:47:39+00:00,–ê–Ω–¥—Ä–µ–π
605.jpg,2022-02-21 12:58:20+00:00,üçÇAlexanderüçÇ
604.jpg,2022-02-21 12:53:43+00:00,–ú–∞—Ä–∫
599.jpg,2022-02-20 21:03:32+00:00,–ê–Ω–¥—Ä–µ–π
590.jpg,2022-02-20 18:49:09+00:00,–ê–Ω–¥—Ä–µ–π
586.jpg,2022-02-20 17:46:54+00:00,Illia
581.jpg,2022-02-20 13:30:43+00:00,–ê–Ω–¥—Ä–µ–π
574.jpg,2022-02-18 16:14:26+00:00,–ê–Ω–¥—Ä–µ–π
565.jpg,2022-02-18 16:09:24+00:00,–°–æ–Ω—è
561.jpg,2022-02-18 15:58:38+00:00,–ê–Ω–¥—Ä–µ–π
556.jpg,2022-02-18 15:33:03+00:00,–°–æ–Ω—è
552.jpg,2022-02-16 08:08:50+00:00,–ê–Ω–¥—Ä–µ–π
551.jpg,2022-02-16 08:08:50+00:00,–ê–Ω–¥—Ä–µ–π
549.jpg,2022-02-16 07:23:41+00:00,–ê–Ω–¥—Ä–µ–π
548.jpg,2022-02-16 07:23:41+00:00,–ê–Ω–¥—Ä–µ–π
547.jpg,2022-02-16 07:23:40+00:00,–ê–Ω–¥—Ä–µ–π
546.jpg,2022-02-16 07:23:40+00:00,–ê–Ω–¥—Ä–µ–π
545.jpg,2022-02-16 07:23:40+00:00,–ê–Ω–¥—Ä–µ–π
542.jpg,2022-02-14 13:02:21+00:00,Sonia
539.jpg,2022-02-09 08:11:16+00:00,–ê–Ω–¥—Ä–µ–π
538.jpg,2022-02-09 08:10:57+00:00,–ê–Ω–¥—Ä–µ–π
537.jpg,2022-02-09 08:10:40+00:00,–ê–Ω–¥—Ä–µ–π
536.jpg,2022-02-09 08:10:24+00:00,–ê–Ω–¥—Ä–µ–π
535.jpg,2022-02-09 08:10:04+00:00,–ê–Ω–¥—Ä–µ–π
531.jpg,2022-02-07 12:59:31+00:00,–ê–Ω–¥—Ä–µ–π
530.jpg,2022-02-07 12:59:16+00:00,–ê–Ω–¥—Ä–µ–π
528.jpg,2022-02-07 12:58:25+00:00,VlatoR346
527.jpg,2022-02-07 12:56:42+00:00,Vlad
517.jpg,2022-02-05 11:03:49+00:00,–ú–∞—Ä–∫
516.jpg,2022-02-02 10:09:59+00:00,–ê–Ω–¥—Ä–µ–π
515.jpg,2022-02-02 10:09:44+00:00,–ê–Ω–¥—Ä–µ–π
513.jpg,2022-02-02 06:22:36+00:00,–ê–Ω–¥—Ä–µ–π
512.jpg,2022-02-02 06:22:35+00:00,–ê–Ω–¥—Ä–µ–π
500.jpg,2022-01-26 09:50:49+00:00,–ú–∞—Ä–∫
489.jpg,2022-01-24 12:59:01+00:00,Vlad
488.jpg,2022-01-24 12:45:19+00:00,Vlad
487.jpg,2022-01-24 12:37:25+00:00,–ú–∞—Ä–∫
486.jpg,2022-01-24 12:27:06+00:00,–ú–∞—Ä–∫
473.jpg,2022-01-17 13:00:44+00:00,–ú–∞—Ä–∫
472.jpg,2022-01-12 08:11:07+00:00,–ú–∞—Ä–∫
469.jpg,2022-01-12 07:49:43+00:00,Vlad
466.jpg,2022-01-10 13:03:25+00:00,–ú–∞—Ä–∫
465.jpg,2022-01-10 13:03:18+00:00,Vlad
439.jpg,2021-12-15 06:26:58+00:00,–ê–Ω–¥—Ä–µ–π
434.jpg,2021-12-09 10:08:45+00:00,–ê–Ω–¥—Ä–µ–π
433.jpg,2021-12-08 08:13:28+00:00,–ê–Ω–¥—Ä–µ–π
431.jpg,2021-12-08 07:11:42+00:00,Vlad
430.jpg,2021-12-08 06:56:21+00:00,–ú–∞—Ä–∫
426.jpg,2021-12-06 16:54:51+00:00,–ê–Ω–¥—Ä–µ–π
420.jpg,2021-12-06 13:04:09+00:00,–ú–∞—Ä–∫
419.jpg,2021-12-06 13:04:09+00:00,–ú–∞—Ä–∫
400.jpg,2021-12-05 09:10:21+00:00,–ê–Ω–¥—Ä–µ–π
394.jpg,2021-12-01 06:58:01+00:00,–ê–Ω–¥—Ä–µ–π
349.jpg,2021-11-22 12:59:49+00:00,üçÇAlexanderüçÇ
342.jpg,2021-11-17 09:50:07+00:00,–ê–Ω–¥—Ä–µ–π
341.jpg,2021-11-17 09:49:52+00:00,–ê–Ω–¥—Ä–µ–π
340.jpg,2021-11-17 09:49:34+00:00,–ê–Ω–¥—Ä–µ–π
339.jpg,2021-11-17 09:49:21+00:00,–ê–Ω–¥—Ä–µ–π
337.jpg,2021-11-15 12:58:52+00:00,–ê–Ω–¥—Ä–µ–π
336.jpg,2021-11-15 12:58:41+00:00,–ê–Ω–¥—Ä–µ–π
335.jpg,2021-11-15 12:58:28+00:00,–ê–Ω–¥—Ä–µ–π
330.jpg,2021-11-13 16:41:18+00:00,–ê–Ω–¥—Ä–µ–π
328.jpg,2021-11-10 08:15:19+00:00,–ê–Ω–¥—Ä–µ–π
327.jpg,2021-11-10 08:15:03+00:00,–ê–Ω–¥—Ä–µ–π
326.jpg,2021-11-10 08:14:45+00:00,–ê–Ω–¥—Ä–µ–π
325.jpg,2021-11-10 08:14:19+00:00,–ê–Ω–¥—Ä–µ–π
321.jpg,2021-11-08 13:02:48+00:00,–ê–Ω–¥—Ä–µ–π
320.jpg,2021-11-08 13:02:30+00:00,–ê–Ω–¥—Ä–µ–π
319.jpg,2021-11-03 09:39:12+00:00,–ê–Ω–¥—Ä–µ–π
318.jpg,2021-11-03 09:38:55+00:00,–ê–Ω–¥—Ä–µ–π
317.jpg,2021-11-03 09:38:36+00:00,–ê–Ω–¥—Ä–µ–π
316.jpg,2021-11-03 09:38:18+00:00,–ê–Ω–¥—Ä–µ–π
312.jpg,2021-11-01 14:00:19+00:00,–ê–Ω–¥—Ä–µ–π
311.jpg,2021-11-01 14:00:02+00:00,–ê–Ω–¥—Ä–µ–π
304.jpg,2021-11-01 05:58:48+00:00,–ê–Ω–¥—Ä–µ–π
303.jpg,2021-11-01 05:57:55+00:00,–ê–Ω–¥—Ä–µ–π
302.jpg,2021-11-01 05:56:08+00:00,–ê–Ω–¥—Ä–µ–π
301.jpg,2021-11-01 05:55:12+00:00,–ê–Ω–¥—Ä–µ–π
300.jpg,2021-11-01 05:54:13+00:00,–ê–Ω–¥—Ä–µ–π
297.jpg,2021-10-31 21:56:31+00:00,–ê–Ω–¥—Ä–µ–π
296.jpg,2021-10-31 21:56:04+00:00,–ê–Ω–¥—Ä–µ–π
293.jpg,2021-10-31 16:33:39+00:00,–ê–Ω–¥—Ä–µ–π
291.jpg,2021-10-20 07:11:32+00:00,Vlad
290.jpg,2021-10-20 06:17:29+00:00,–ê–Ω–¥—Ä–µ–π
289.jpg,2021-10-18 12:03:37+00:00,–ê–Ω–¥—Ä–µ–π
288.jpg,2021-10-18 12:01:24+00:00,Vlad
287.jpg,2021-10-18 12:01:22+00:00,üçÇAlexanderüçÇ
286.jpg,2021-10-18 11:49:28+00:00,–ú–∞—Ä‚Äò—è–Ω–∞
285.jpg,2021-10-18 11:28:17+00:00,–ú–∞—Ä‚Äò—è–Ω–∞
269.jpg,2021-10-06 06:23:13+00:00,Vlad
253.jpg,2021-10-04 11:58:38+00:00,Vlad
252.jpg,2021-10-04 11:56:27+00:00,–ú–∞—Ä‚Äò—è–Ω–∞
251.jpg,2021-10-04 11:56:27+00:00,–ú–∞—Ä‚Äò—è–Ω–∞
250.jpg,2021-10-04 11:55:59+00:00,Vlad
249.jpg,2021-09-29 07:13:59+00:00,Vlad
248.jpg,2021-09-29 06:43:21+00:00,Vlad
247.jpg,2021-09-27 12:02:42+00:00,Alexandra
246.jpg,2021-09-27 12:02:42+00:00,Alexandra
243.jpg,2021-09-22 08:14:07+00:00,–ê–Ω–¥—Ä–µ–π
242.jpg,2021-09-22 07:09:00+00:00,–ê–Ω–¥—Ä–µ–π
241.jpg,2021-09-22 07:04:32+00:00,–ê–Ω–¥—Ä–µ–π
240.jpg,2021-09-22 07:04:32+00:00,–ê–Ω–¥—Ä–µ–π
239.jpg,2021-09-22 07:04:32+00:00,–ê–Ω–¥—Ä–µ–π
238.jpg,2021-09-22 07:02:15+00:00,–ê–Ω–¥—Ä–µ–π
237.jpg,2021-09-22 07:02:15+00:00,–ê–Ω–¥—Ä–µ–π
231.jpg,2021-09-15 07:15:21+00:00,Vlad
230.jpg,2021-09-15 06:36:00+00:00,Nazar
229.jpg,2021-09-15 06:36:00+00:00,Nazar
227.jpg,2021-09-15 06:35:00+00:00,Vlad
226.jpg,2021-09-15 06:09:05+00:00,Nazar
225.jpg,2021-09-15 06:08:36+00:00,Vlad
218.jpg,2021-09-13 20:51:47+00:00,–ê–Ω–¥—Ä–µ–π
217.jpg,2021-09-13 20:51:46+00:00,–ê–Ω–¥—Ä–µ–π
216.jpg,2021-09-13 12:01:06+00:00,üçÇAlexanderüçÇ
215.jpg,2021-09-13 12:01:06+00:00,üçÇAlexanderüçÇ
214.jpg,2021-09-08 07:13:39+00:00,Vlad
118.jpg,2021-05-21 08:55:13+00:00,–ê–Ω–¥—Ä–µ–π
112.jpg,2021-05-07 13:23:05+00:00,–¢–µ—Ç—è–Ω–∞
111.jpg,2021-05-07 10:10:38+00:00,Eldar
110.jpg,2021-05-07 10:03:58+00:00,Illia
109.jpg,2021-05-07 09:23:47+00:00,Illia
108.jpg,2021-05-07 09:20:56+00:00,Eldar
102.jpg,2021-04-30 19:29:41+00:00,–ê–Ω–¥—Ä–µ–π
101.jpg,2021-04-30 19:29:28+00:00,–ê–Ω–¥—Ä–µ–π
100.jpg,2021-04-30 19:29:06+00:00,–ê–Ω–¥—Ä–µ–π
99.jpg,2021-04-30 19:28:29+00:00,–ê–Ω–¥—Ä–µ–π
95.jpg,2021-04-23 12:27:42+00:00,–ê–Ω–¥—Ä–µ–π
94.jpg,2021-04-23 12:27:25+00:00,–ê–Ω–¥—Ä–µ–π
93.jpg,2021-04-23 12:26:56+00:00,–ê–Ω–¥—Ä–µ–π
92.jpg,2021-04-23 12:26:36+00:00,–ê–Ω–¥—Ä–µ–π
91.jpg,2021-04-23 12:26:19+00:00,–ê–Ω–¥—Ä–µ–π
90.jpg,2021-04-23 12:26:02+00:00,–ê–Ω–¥—Ä–µ–π
87.jpg,2021-04-23 10:38:55+00:00,ganblef
84.jpg,2021-04-16 10:57:23+00:00,–ê–Ω–¥—Ä–µ–π
83.jpg,2021-04-16 10:57:04+00:00,–ê–Ω–¥—Ä–µ–π
82.jpg,2021-04-16 10:56:48+00:00,–ê–Ω–¥—Ä–µ–π
81.jpg,2021-04-16 10:55:53+00:00,–ê–Ω–¥—Ä–µ–π
80.jpg,2021-04-16 10:55:38+00:00,–ê–Ω–¥—Ä–µ–π
58.jpg,2021-04-09 10:46:46+00:00,–ê–Ω–¥—Ä–µ–π
57.jpg,2021-04-09 10:46:30+00:00,–ê–Ω–¥—Ä–µ–π
56.jpg,2021-04-09 10:46:15+00:00,–ê–Ω–¥—Ä–µ–π
55.jpg,2021-04-09 10:45:56+00:00,–ê–Ω–¥—Ä–µ–π
53.jpg,2021-04-09 10:45:28+00:00,–ê–Ω–¥—Ä–µ–π
52.jpg,2021-04-09 10:45:01+00:00,–ê–Ω–¥—Ä–µ–π
51.jpg,2021-04-09 10:45:01+00:00,–ê–Ω–¥—Ä–µ–π
50.jpg,2021-04-09 10:45:01+00:00,–ê–Ω–¥—Ä–µ–π
40.jpg,2021-04-05 18:25:50+00:00,Illia
4.jpg,2021-04-02 09:36:06+00:00,–ê–Ω–¥—Ä–µ–π
2.jpg,2021-04-02 09:35:42+00:00,–ê–Ω–¥—Ä–µ–π
